{"extensionType":"field_faas","i18nMap":{"zh-CN":{"param_image_label":"图片","param_prompt_label":"提示词"}},"fields":[{"fieldType":1,"uiSchema":{"fieldsConfigEditor":{"component":"OpenFieldMetaEditor","props":{"schema":{"authorizations":[{"id":"auth_id","platform":"毛毛虫","type":"HeaderBearerToken","required":false,"instructionsUrl":"https://www.mmcjt.cn/","label":"授权","icon":{"light":"https://saas.jcbbi.com/upload/2026/01/29/767965034025029.jpg","dark":"https://saas.jcbbi.com/upload/2026/01/29/767965034025029.jpg"},"isRequired":false,"authType":"APIKey"}],"items":[{"key":"prompt","label":"${{param_prompt_label}}","component":"Text","props":{"placeholder":"请输入图片编辑指令"},"validator":{"required":true}},{"key":"imageUrl1","label":"${{param_image_label}}","component":"FieldSelect","props":{"supportType":[17]},"validator":{"required":false}}]}}}},"presetFieldConfig":{"fieldProperty":{"propertyType":1,"properties":[]},"externalEditorConfig":{}},"disableAutoUpdate":false}]}